Date,Day,Round,Venue,Result,Squad,Opponent,Start,Pos,Min,Performance Gls,Performance Ast,Performance PK,Performance PKatt,Performance Sh,Performance SoT,Performance CrdY_x,Performance CrdR_x,Performance Touches,Performance Tkl,Performance Int_x,Performance Blocks,Expected xG,Expected npxG,Expected xAG,SCA SCA,SCA GCA,Passes Cmp,Passes Att,Passes Cmp%,Passes PrgP,Carries Carries_x,Carries PrgC_x,Take-Ons Att_x,Take-Ons Succ_x,Report,Total Cmp,Total Att,Total Cmp%,Total TotDist,Total PrgDist,Short Cmp,Short Att,Short Cmp%,Medium Cmp,Medium Att,Medium Cmp%,Long Cmp,Long Att,Long Cmp%,Ast,xAG,xA,KP,1/3,PPA,CrsPA,PrgP,Att,Pass Types Live,Pass Types Dead,Pass Types FK,Pass Types TB,Pass Types Sw,Pass Types Crs,Pass Types TI,Pass Types CK,Corner Kicks In,Corner Kicks Out,Corner Kicks Str,Outcomes Cmp,Outcomes Off,Outcomes Blocks,SCA Types SCA,SCA Types PassLive,SCA Types PassDead,SCA Types TO,SCA Types Sh,SCA Types Fld,SCA Types Def,GCA Types GCA,GCA Types PassLive,GCA Types PassDead,GCA Types TO,GCA Types Sh,GCA Types Fld,GCA Types Def,Touches Touches,Touches Def Pen,Touches Def 3rd,Touches Mid 3rd,Touches Att 3rd,Touches Att Pen,Touches Live,Take-Ons Att_y,Take-Ons Succ_y,Take-Ons Succ%,Take-Ons Tkld,Take-Ons Tkld%,Carries Carries_y,Carries TotDist,Carries PrgDist,Carries PrgC_y,Carries 1/3,Carries CPA,Carries Mis,Carries Dis,Receiving Rec,Receiving PrgR,Tackles Tkl,Tackles TklW,Tackles Def 3rd,Tackles Mid 3rd,Tackles Att 3rd,Challenges Tkl,Challenges Att,Challenges Tkl%,Challenges Lost,Blocks Blocks,Blocks Sh,Blocks Pass,Int,Tkl+Int,Clr,Err,Performance CrdY_y,Performance CrdR_y,Performance 2CrdY,Performance Fls,Performance Fld,Performance Off,Performance Crs,Performance Int_y,Performance TklW,Performance PKwon,Performance PKcon,Performance OG,Performance Recov,Aerial Duels Won,Aerial Duels Lost,Aerial Duels Won%,team,player_name,player_id
2025-08-17,Sun,Matchweek 1,Home,D 0–0,Chelsea,Crystal Palace,Y,DM,90,0,0,0,0,1,0,0,0,81,5,3,4,0.0,0.0,0.0,2,0,63,67,94.0,8,57,1,2,1,Match Report,63,67,94.0,1098,286,34,34,100.0,25,28,89.3,4,4,100.0,0,0.0,0.0,0,9,0,0,8,67,67,0,0,0,1,0,0,0,0,0,0,63,0,0,2,2,0,0,0,0,0,0,0,0,0,0,0,0,81,3,11,61,10,0,81,2,1,50.0,0,0.0,57,315,175,1,1,0,0,1,59,0,5,1,1,4,0,0,1,0.0,1,4,2,2,3,8,1,0,0,0,0,0,1,0,0,3,1,0,0,0,1,1,1,50.0,Chelsea,Moises-Caicedo,16264a81
2025-08-22,Fri,Matchweek 2,Away,W 5–1,Chelsea,West Ham,Y,DM,90,1,0,0,0,1,1,0,0,86,3,0,2,0.2,0.2,0.0,1,0,71,77,92.2,7,52,1,0,0,Match Report,71,77,92.2,1189,390,33,34,97.1,36,39,92.3,2,4,50.0,0,0.0,0.0,0,8,0,0,7,77,77,0,0,0,0,0,0,0,0,0,0,71,0,0,1,1,0,0,0,0,0,0,0,0,0,0,0,0,86,4,19,62,5,1,86,0,0,,0,,52,161,83,1,2,0,0,0,73,0,3,2,1,2,0,3,3,100.0,0,2,1,1,0,3,1,0,0,0,0,2,1,0,0,0,2,0,0,0,2,0,1,0.0,Chelsea,Moises-Caicedo,16264a81
2025-08-30,Sat,Matchweek 3,Home,W 2–0,Chelsea,Fulham,Y,DM,90,0,0,0,0,1,0,1,0,66,4,5,1,0.1,0.1,0.0,2,1,45,52,86.5,5,27,1,0,0,Match Report,45,52,86.5,703,249,22,22,100.0,23,25,92.0,0,4,0.0,0,0.0,0.0,0,10,0,0,5,52,51,1,1,0,0,0,0,0,0,0,0,45,0,1,2,1,0,0,1,0,0,1,1,0,0,0,0,0,66,4,19,42,6,1,66,0,0,,0,,27,160,54,1,0,0,0,1,34,2,4,1,1,2,1,2,2,100.0,0,1,1,0,5,9,2,0,1,0,0,1,2,0,0,5,1,0,0,0,11,0,1,0.0,Chelsea,Moises-Caicedo,16264a81
2025-09-13,Sat,Matchweek 4,Away,D 2–2,Chelsea,Brentford,Y,DM,90,1,0,0,0,1,1,0,0,82,4,4,0,0.1,0.1,0.0,2,0,63,66,95.5,5,38,1,1,0,Match Report,63,66,95.5,943,209,42,42,100.0,15,16,93.8,5,5,100.0,0,0.0,0.1,0,4,1,0,5,66,64,1,1,1,0,1,0,0,0,0,0,63,1,1,2,2,0,0,0,0,0,0,0,0,0,0,0,0,82,3,12,52,18,0,82,1,0,0.0,1,100.0,38,156,71,1,0,0,2,2,54,0,4,2,2,1,1,4,5,80.0,1,0,0,0,4,8,1,0,0,0,0,0,2,0,1,4,2,0,0,0,8,1,0,100.0,Chelsea,Moises-Caicedo,16264a81
2025-08-17,Sun,Matchweek 1,Home,D 0–0,Chelsea,Crystal Palace,Y,GK,90,0,0,0,0,0,0,0,0,39,0,0,0,0.0,0.0,0.0,1,0,26,36,72.2,0,26,0,0,0,Match Report,26,36,72.2,551,383,9,9,100.0,12,12,100.0,3,13,23.1,0,0.0,0.0,0,1,0,0,0,36,29,7,1,0,0,0,0,0,0,0,0,26,0,0,1,1,0,0,0,0,0,0,0,0,0,0,0,0,39,27,38,1,0,0,39,0,0,,0,,26,102,61,0,0,0,0,0,20,0,0,0,0,0,0,0,0,,0,0,0,0,0,0,0,0,0,0,0,0,0,0,0,0,0,0,0,0,3,1,1,50.0,Chelsea,Robert-Sanchez,6a713852
2025-08-22,Fri,Matchweek 2,Away,W 5–1,Chelsea,West Ham,Y,GK,90,0,0,0,0,0,0,0,0,40,0,0,0,0.0,0.0,0.0,0,0,28,40,70.0,0,27,0,0,0,Match Report,28,40,70.0,885,694,2,2,100.0,15,15,100.0,10,22,45.5,0,0.0,0.0,0,2,0,0,0,40,34,6,3,0,0,0,0,0,0,0,0,28,0,0,0,0,0,0,0,0,0,0,0,0,0,0,0,0,40,36,40,0,0,0,40,0,0,,0,,27,119,92,0,0,0,0,0,29,0,0,0,0,0,0,0,0,,0,0,0,0,0,0,0,0,0,0,0,0,0,0,0,0,0,0,0,0,0,0,0,,Chelsea,Robert-Sanchez,6a713852
2025-08-30,Sat,Matchweek 3,Home,W 2–0,Chelsea,Fulham,Y,GK,90,0,0,0,0,0,0,0,0,34,0,0,0,0.0,0.0,0.0,0,0,22,34,64.7,0,21,0,0,0,Match Report,22,34,64.7,566,297,1,1,100.0,15,16,93.8,6,17,35.3,0,0.0,0.0,0,1,0,0,0,34,30,4,2,0,1,0,0,0,0,0,0,22,0,0,0,0,0,0,0,0,0,0,0,0,0,0,0,0,34,22,33,1,0,0,34,0,0,,0,,21,86,53,0,0,0,0,0,22,0,0,0,0,0,0,0,0,,0,0,0,0,0,0,0,0,0,0,0,0,0,0,0,0,0,0,0,0,1,0,0,,Chelsea,Robert-Sanchez,6a713852
2025-09-13,Sat,Matchweek 4,Away,D 2–2,Chelsea,Brentford,Y,GK,90,0,0,0,0,0,0,0,0,21,0,0,0,0.0,0.0,0.0,0,0,14,17,82.4,0,14,0,0,0,Match Report,14,17,82.4,371,246,2,2,100.0,6,6,100.0,6,9,66.7,0,0.0,0.0,0,0,0,0,0,17,16,1,0,0,0,0,0,0,0,0,0,14,0,0,0,0,0,0,0,0,0,0,0,0,0,0,0,0,21,18,21,0,0,0,21,0,0,,0,,14,67,55,0,0,0,0,0,10,0,0,0,0,0,0,0,0,,0,0,0,0,0,0,2,0,0,0,0,0,0,0,0,0,0,0,0,0,0,0,0,,Chelsea,Robert-Sanchez,6a713852
2025-08-17,Sun,Matchweek 1,Home,D 0–0,Chelsea,Crystal Palace,Y,"RW,LW",90,0,0,0,0,1,0,0,0,55,1,1,0,0.0,0.0,0.3,6,0,35,45,77.8,5,35,3,5,3,Match Report,35,45,77.8,581,209,17,18,94.4,15,20,75.0,2,5,40.0,0,0.3,0.4,2,2,2,1,5,45,36,9,1,0,0,12,2,6,3,2,0,35,0,1,6,3,1,1,1,0,0,0,0,0,0,0,0,0,55,0,1,20,34,4,55,5,3,60.0,2,40.0,35,195,110,3,0,1,5,0,39,8,1,0,0,1,0,0,0,,0,0,0,0,1,2,0,0,0,0,0,0,1,0,12,1,0,0,0,0,4,0,0,,Chelsea,Pedro-Neto,7ba2eaa9
2025-08-22,Fri,Matchweek 2,Away,W 5–1,Chelsea,West Ham,Y,"LW,RW",90,1,0,0,0,2,1,0,0,42,1,0,1,0.4,0.4,0.1,3,2,21,36,58.3,2,27,6,1,0,Match Report,21,36,58.3,351,74,12,17,70.6,7,10,70.0,2,8,25.0,0,0.1,0.2,1,0,1,0,2,36,31,5,2,0,0,7,0,3,3,0,0,21,0,1,3,2,1,0,0,0,0,2,1,1,0,0,0,0,42,0,6,9,28,6,42,1,0,0.0,1,100.0,27,247,133,6,5,3,1,2,32,9,1,1,1,0,0,1,1,100.0,0,1,0,1,0,1,0,0,0,0,0,0,1,0,7,0,1,0,0,0,1,0,1,0.0,Chelsea,Pedro-Neto,7ba2eaa9
2025-08-30,Sat,Matchweek 3,Home,W 2–0,Chelsea,Fulham,Y,"LW,RW",80,0,0,0,0,0,0,0,0,47,0,1,0,0.0,0.0,0.1,4,0,26,37,70.3,4,27,5,4,2,Match Report,26,37,70.3,344,126,17,22,77.3,8,11,72.7,0,1,0.0,0,0.1,0.2,2,0,2,0,4,37,33,4,2,0,0,7,0,2,2,0,0,26,0,2,4,2,2,0,0,0,0,0,0,0,0,0,0,0,47,0,6,11,31,0,47,4,2,50.0,2,50.0,27,250,135,5,0,0,2,1,34,10,0,0,0,0,0,0,0,,0,0,0,0,1,1,1,0,0,0,0,0,0,0,7,1,0,0,0,0,2,1,1,50.0,Chelsea,Pedro-Neto,7ba2eaa9
2025-09-13,Sat,Matchweek 4,Away,D 2–2,Chelsea,Brentford,Y,RW,90,0,0,0,0,2,0,0,0,45,1,1,0,0.1,0.1,0.4,5,0,26,37,70.3,3,38,4,4,1,Match Report,26,37,70.3,458,133,12,13,92.3,9,12,75.0,5,9,55.6,0,0.4,0.2,3,2,1,0,3,37,33,3,1,0,0,7,1,1,0,0,0,26,1,1,5,3,0,1,0,0,1,0,0,0,0,0,0,0,45,1,4,10,33,8,45,4,1,25.0,2,50.0,38,239,145,4,2,2,2,2,36,12,1,1,0,0,1,1,3,33.3,2,0,0,0,1,2,0,0,0,0,0,0,1,0,7,1,1,0,0,0,4,0,0,,Chelsea,Pedro-Neto,7ba2eaa9
2025-08-17,Sun,Matchweek 1,Home,D 0–0,Chelsea,Crystal Palace,Y,DM,78,0,0,0,0,0,0,0,0,42,0,0,1,0.0,0.0,0.0,2,0,31,38,81.6,5,33,2,0,0,Match Report,31,38,81.6,454,100,18,20,90.0,12,14,85.7,1,3,33.3,0,0.0,0.1,1,1,3,0,5,38,38,0,0,1,0,1,0,0,0,0,0,31,0,0,2,2,0,0,0,0,0,0,0,0,0,0,0,0,42,0,4,23,15,1,42,0,0,,0,,33,180,95,2,2,0,2,0,35,6,0,0,0,0,0,0,1,0.0,1,1,0,1,0,0,0,0,0,0,0,0,0,0,1,0,0,0,0,0,0,1,0,100.0,Chelsea,Enzo-Fernandez,5ff4ab71
2025-08-22,Fri,Matchweek 2,Away,W 5–1,Chelsea,West Ham,Y*,DM,90,1,0,0,0,3,1,0,0,73,2,0,0,1.0,1.0,0.0,6,1,55,67,82.1,3,40,1,1,0,Match Report,55,67,82.1,863,143,33,38,86.8,19,22,86.4,3,5,60.0,0,0.0,0.0,0,3,0,0,3,67,64,3,1,0,0,3,0,2,2,0,0,55,0,2,6,6,0,0,0,0,0,1,1,0,0,0,0,0,73,0,10,50,14,2,73,1,0,0.0,1,100.0,40,137,62,1,1,0,0,1,60,3,2,1,0,2,0,0,0,,0,0,0,0,0,2,0,0,0,0,0,2,0,1,3,0,1,0,0,0,3,0,2,0.0,Chelsea,Enzo-Fernandez,5ff4ab71
2025-08-30,Sat,Matchweek 3,Home,W 2–0,Chelsea,Fulham,Y*,DM,90,1,1,1,1,0,0,0,0,63,0,2,1,0.8,0.0,0.6,2,1,41,53,77.4,3,26,0,1,0,Match Report,41,53,77.4,704,168,17,19,89.5,20,25,80.0,3,7,42.9,1,0.6,0.2,3,4,0,0,3,53,43,10,6,0,1,3,0,4,2,0,0,41,0,1,2,1,1,0,0,0,0,1,0,1,0,0,0,0,63,2,14,30,19,2,62,1,0,0.0,0,0.0,26,106,36,0,0,0,1,4,38,4,0,0,0,0,0,0,1,0.0,1,1,0,1,2,2,1,0,0,0,0,0,2,0,3,2,0,0,0,0,3,1,1,50.0,Chelsea,Enzo-Fernandez,5ff4ab71
2025-09-13,Sat,Matchweek 4,Away,D 2–2,Chelsea,Brentford,Y*,DM,90,0,0,0,0,1,0,0,0,90,4,1,0,0.1,0.1,0.1,2,0,68,80,85.0,8,58,2,1,0,Match Report,68,80,85.0,1051,349,40,44,90.9,22,24,91.7,5,11,45.5,0,0.1,0.1,2,11,3,1,8,80,77,3,1,0,0,3,1,1,1,0,0,68,0,1,2,2,0,0,0,0,0,0,0,0,0,0,0,0,90,1,15,60,15,4,90,1,0,0.0,1,100.0,58,218,90,2,0,0,2,3,72,3,4,3,3,0,1,2,5,40.0,3,0,0,0,1,5,2,0,0,0,0,1,1,0,3,1,3,0,0,0,6,0,0,,Chelsea,Enzo-Fernandez,5ff4ab71
2025-08-17,Sun,Matchweek 1,Home,D 0–0,Chelsea,Crystal Palace,Y,CB,90,0,0,0,0,1,0,0,0,114,0,1,1,0.1,0.1,0.0,1,0,92,102,90.2,8,85,1,1,1,Match Report,92,102,90.2,1742,346,30,33,90.9,56,57,98.2,6,11,54.5,0,0.0,0.0,0,10,1,0,8,102,97,5,4,0,2,1,0,0,0,0,0,92,0,0,1,1,0,0,0,0,0,0,0,0,0,0,0,0,114,8,31,74,10,1,114,1,1,100.0,0,0.0,85,372,211,1,2,0,1,0,92,0,0,0,0,0,0,0,0,,0,1,1,0,1,1,7,0,0,0,0,2,1,0,1,1,0,0,0,0,3,2,2,50.0,Chelsea,Trevoh-Chalobah,5515376c
2025-08-22,Fri,Matchweek 2,Away,W 5–1,Chelsea,West Ham,Y,CB,68,1,0,0,0,1,1,0,0,53,2,0,0,0.3,0.3,0.0,2,0,42,49,85.7,2,40,2,1,1,Match Report,42,49,85.7,730,143,13,15,86.7,29,31,93.5,0,3,0.0,0,0.0,0.0,0,4,1,0,2,49,49,0,0,0,0,1,0,0,0,0,0,42,0,0,2,1,0,1,0,0,0,0,0,0,0,0,0,0,53,4,18,32,4,1,53,1,1,100.0,0,0.0,40,184,106,2,1,0,0,0,42,0,2,2,0,2,0,2,2,100.0,0,0,0,0,0,2,3,0,0,0,0,0,0,0,1,0,2,0,0,0,4,2,1,66.7,Chelsea,Trevoh-Chalobah,5515376c
2025-08-30,Sat,Matchweek 3,Home,W 2–0,Chelsea,Fulham,Y,CB,90,0,0,0,0,3,0,0,0,75,5,4,1,0.1,0.1,0.0,2,0,53,59,89.8,3,43,0,1,1,Match Report,53,59,89.8,1082,331,12,14,85.7,36,36,100.0,5,8,62.5,0,0.0,0.2,0,4,1,1,3,59,58,1,1,1,0,1,0,0,0,0,0,53,0,0,2,0,0,0,2,0,0,0,0,0,0,0,0,0,75,1,27,39,9,2,75,1,1,100.0,0,0.0,43,167,100,0,1,0,0,1,56,0,5,3,1,4,0,4,4,100.0,0,1,1,0,4,9,1,0,0,0,0,0,3,0,1,4,3,0,0,0,2,3,2,60.0,Chelsea,Trevoh-Chalobah,5515376c
2025-09-13,Sat,Matchweek 4,Away,D 2–2,Chelsea,Brentford,Y,CB,90,0,0,0,0,2,0,0,0,111,1,2,0,0.0,0.0,0.0,2,0,85,93,91.4,9,66,3,1,0,Match Report,85,93,91.4,1472,515,43,43,100.0,36,42,85.7,6,7,85.7,0,0.0,0.3,1,12,1,0,9,93,88,4,4,1,2,0,0,0,0,0,0,85,1,0,2,2,0,0,0,0,0,0,0,0,0,0,0,0,111,10,31,74,6,1,111,1,0,0.0,0,0.0,66,322,163,3,0,0,2,0,83,0,1,0,0,1,0,1,1,100.0,0,0,0,0,2,3,13,0,0,0,0,1,2,0,0,2,0,0,0,0,4,5,1,83.3,Chelsea,Trevoh-Chalobah,5515376c
2025-08-17,Sun,Matchweek 1,Home,D 0–0,Chelsea,Crystal Palace,Y,FW,72,0,0,0,0,2,0,0,0,22,0,0,0,0.3,0.3,0.0,3,0,11,13,84.6,3,18,1,2,0,Match Report,11,13,84.6,126,14,7,8,87.5,3,4,75.0,0,0,,0,0.0,0.0,0,0,1,0,3,13,13,0,0,0,0,0,0,0,0,0,0,11,0,0,3,2,0,0,1,0,0,0,0,0,0,0,0,0,22,0,0,5,17,4,22,2,0,0.0,2,100.0,18,72,10,1,0,1,2,1,20,6,0,0,0,0,0,0,0,,0,0,0,0,0,0,0,0,0,0,0,0,1,0,0,0,0,0,0,0,1,2,3,40.0,Chelsea,Joao-Pedro,e8832875
2025-08-22,Fri,Matchweek 2,Away,W 5–1,Chelsea,West Ham,Y,"AM,FW",90,1,2,0,0,3,1,0,0,36,1,0,1,0.4,0.4,0.7,2,2,23,27,85.2,0,10,1,3,1,Match Report,23,27,85.2,297,53,18,19,94.7,3,4,75.0,1,1,100.0,2,0.7,0.1,2,1,0,0,0,27,25,2,0,0,0,1,0,0,0,0,0,23,0,0,2,1,0,0,1,0,0,2,1,0,0,1,0,0,36,3,4,19,13,4,36,3,1,33.3,1,33.3,10,54,18,1,1,1,0,1,23,4,1,1,0,1,0,0,0,,0,1,1,0,0,1,2,0,0,0,0,2,1,0,1,0,1,0,0,0,1,6,2,75.0,Chelsea,Joao-Pedro,e8832875
2025-08-30,Sat,Matchweek 3,Home,W 2–0,Chelsea,Fulham,Y,"AM,FW",90,1,0,0,0,3,2,0,0,44,1,0,1,0.7,0.7,0.4,1,0,23,28,82.1,4,26,4,5,0,Match Report,23,28,82.1,341,63,16,18,88.9,5,7,71.4,2,2,100.0,0,0.4,0.0,1,2,1,0,4,28,26,1,0,0,0,1,0,0,0,0,0,23,1,1,1,1,0,0,0,0,0,0,0,0,0,0,0,0,44,1,6,18,22,4,44,5,0,0.0,4,80.0,26,155,69,4,1,0,3,4,35,8,1,1,1,0,0,1,1,100.0,0,1,1,0,0,1,2,0,0,0,0,0,4,2,1,0,1,0,0,0,6,2,2,50.0,Chelsea,Joao-Pedro,e8832875
2025-09-13,Sat,Matchweek 4,Away,D 2–2,Chelsea,Brentford,Y,FW,78,0,1,0,0,1,0,0,0,44,0,2,0,0.1,0.1,0.2,3,0,25,32,78.1,3,25,0,1,0,Match Report,25,32,78.1,320,60,19,19,100.0,5,8,62.5,1,2,50.0,1,0.2,0.0,1,2,1,0,3,32,31,1,0,0,0,1,0,0,0,0,0,25,0,0,3,3,0,0,0,0,0,0,0,0,0,0,0,0,44,1,1,26,17,4,44,1,0,0.0,0,0.0,25,61,20,0,0,0,5,0,35,8,0,0,0,0,0,0,0,,0,0,0,0,2,2,1,0,0,0,0,0,1,0,1,2,0,0,0,0,0,0,1,0.0,Chelsea,Joao-Pedro,e8832875
2025-08-17,Sun,Matchweek 1,Home,D 0–0,Chelsea,Crystal Palace,Y,LB,90,0,0,0,0,2,0,0,0,59,2,1,1,0.1,0.1,0.2,1,0,47,52,90.4,5,35,1,0,0,Match Report,47,52,90.4,730,181,27,28,96.4,17,19,89.5,3,3,100.0,0,0.2,0.1,1,3,2,0,5,52,42,10,0,0,0,0,10,0,0,0,0,47,0,2,1,1,0,0,0,0,0,0,0,0,0,0,0,0,59,1,6,34,19,3,59,0,0,,0,,35,157,109,1,3,0,0,0,38,8,2,1,0,0,2,0,1,0.0,1,1,1,0,1,3,0,0,0,0,0,1,2,0,0,1,1,0,0,0,4,3,3,50.0,Chelsea,Marc-Cucurella,1daec722
2025-08-22,Fri,Matchweek 2,Away,W 5–1,Chelsea,West Ham,Y,LB,68,0,1,0,0,0,0,0,0,81,1,1,2,0.0,0.0,0.3,1,1,67,76,88.2,3,46,2,0,0,Match Report,67,76,88.2,1117,295,31,32,96.9,32,35,91.4,4,8,50.0,1,0.3,0.3,1,5,0,0,3,76,68,8,0,0,0,0,8,0,0,0,0,67,0,1,1,1,0,0,0,0,0,1,1,0,0,0,0,0,81,3,20,53,9,2,81,0,0,,0,,46,135,73,2,0,1,0,0,59,1,1,1,0,1,0,0,1,0.0,1,2,1,1,1,2,2,0,0,0,0,0,0,0,0,1,1,0,0,0,7,1,0,100.0,Chelsea,Marc-Cucurella,1daec722
2025-08-30,Sat,Matchweek 3,Home,W 2–0,Chelsea,Fulham,Y,LB,90,0,0,0,0,0,0,0,0,86,3,1,2,0.0,0.0,0.1,2,0,71,76,93.4,8,46,1,0,0,Match Report,71,76,93.4,1367,576,23,23,100.0,42,44,95.5,5,8,62.5,0,0.1,0.0,2,9,1,0,8,76,66,10,2,1,1,0,8,0,0,0,0,71,0,0,2,2,0,0,0,0,0,0,0,0,0,0,0,0,86,1,31,38,17,0,86,0,0,,0,,46,157,86,1,2,0,1,0,65,1,3,1,3,0,0,2,3,66.7,1,2,0,2,1,4,5,0,0,0,0,3,2,0,0,1,1,0,0,0,3,1,0,100.0,Chelsea,Marc-Cucurella,1daec722
2025-09-13,Sat,Matchweek 4,Away,D 2–2,Chelsea,Brentford,N,LB,45,0,0,0,0,1,1,0,0,26,2,1,0,0.1,0.1,0.1,2,0,16,20,80.0,1,12,3,0,0,Match Report,16,20,80.0,218,18,6,8,75.0,8,8,100.0,0,1,0.0,0,0.1,0.0,2,1,0,0,1,20,19,1,0,0,0,0,1,0,0,0,0,16,0,0,2,2,0,0,0,0,0,0,0,0,0,0,0,0,26,2,9,10,7,2,26,0,0,,0,,12,112,87,3,1,0,0,0,16,4,2,1,2,0,0,1,4,25.0,3,0,0,0,1,3,2,0,0,0,0,0,0,0,0,1,1,0,0,0,2,0,1,0.0,Chelsea,Marc-Cucurella,1daec722
2025-08-22,Fri,Matchweek 2,Away,W 5–1,Chelsea,West Ham,Y,CB,90,0,0,0,0,0,0,0,0,106,3,0,0,0.0,0.0,0.0,0,0,90,97,92.8,1,55,0,0,0,Match Report,90,97,92.8,1584,531,30,32,93.8,57,59,96.6,3,5,60.0,0,0.0,0.0,0,6,0,0,1,97,88,8,4,0,0,0,0,0,0,0,0,90,1,0,0,0,0,0,0,0,0,0,0,0,0,0,0,0,106,14,49,56,1,0,106,0,0,,0,,55,249,143,0,1,0,1,0,78,0,3,2,2,1,0,1,2,50.0,1,0,0,0,0,3,6,0,0,0,0,0,0,0,0,0,2,0,0,0,3,2,1,66.7,Chelsea,Tosin-Adarabioyo,c81d773d
2025-08-30,Sat,Matchweek 3,Home,W 2–0,Chelsea,Fulham,Y,CB,90,0,0,0,0,0,0,0,0,95,2,3,0,0.0,0.0,0.0,0,0,75,82,91.5,5,39,0,0,0,Match Report,75,82,91.5,1402,478,25,25,100.0,45,48,93.8,5,9,55.6,0,0.0,0.0,0,3,0,0,5,82,76,6,0,0,0,0,1,0,0,0,0,75,0,0,0,0,0,0,0,0,0,0,0,0,0,0,0,0,95,11,54,39,2,1,95,0,0,,0,,39,140,70,0,0,0,0,0,58,0,2,0,1,1,0,0,0,,0,0,0,0,3,5,6,0,0,0,0,2,0,0,0,3,0,0,0,0,3,9,4,69.2,Chelsea,Tosin-Adarabioyo,c81d773d
2025-09-13,Sat,Matchweek 4,Away,D 2–2,Chelsea,Brentford,Y,CB,90,0,0,0,0,0,0,0,0,97,0,1,1,0.0,0.0,0.0,0,0,82,87,94.3,7,56,1,0,0,Match Report,82,87,94.3,1520,615,25,27,92.6,51,52,98.1,5,7,71.4,0,0.0,0.0,0,5,1,0,7,87,83,4,2,0,0,0,1,0,0,0,0,82,0,0,0,0,0,0,0,0,0,0,0,0,0,0,0,0,97,10,34,63,0,0,97,0,0,,0,,56,311,224,1,0,0,0,0,75,0,0,0,0,0,0,0,0,,0,1,1,0,1,1,7,0,0,0,0,0,0,1,0,1,0,0,0,0,1,3,2,60.0,Chelsea,Tosin-Adarabioyo,c81d773d
2025-08-17,Sun,Matchweek 1,Home,D 0–0,Chelsea,Crystal Palace,N,RW,37,0,0,0,0,1,0,1,0,19,0,0,1,0.3,0.3,0.0,1,0,8,11,72.7,0,12,1,6,2,Match Report,8,11,72.7,136,18,2,2,100.0,6,8,75.0,0,1,0.0,0,0.0,0.4,0,1,0,0,0,11,9,2,0,0,0,4,0,2,2,0,0,8,0,0,1,1,0,0,0,0,0,0,0,0,0,0,0,0,19,1,1,6,12,3,19,6,2,33.3,4,66.7,12,100,40,1,0,1,1,0,11,8,0,0,0,0,0,0,0,,0,1,0,1,0,0,1,0,1,0,0,1,0,0,4,0,0,0,0,0,2,0,0,,Chelsea,Estevao-Willian,2eda11b1
2025-08-22,Fri,Matchweek 2,Away,W 5–1,Chelsea,West Ham,Y,RW,76,0,1,0,0,1,1,0,0,39,3,0,0,0.3,0.3,0.8,2,2,27,33,81.8,2,21,3,3,2,Match Report,27,33,81.8,399,43,16,20,80.0,11,11,100.0,0,0,,1,0.8,0.6,1,1,1,0,2,33,33,0,0,0,0,0,0,0,0,0,0,27,0,2,2,1,0,1,0,0,0,2,1,0,1,0,0,0,39,0,3,21,16,5,39,3,2,66.7,1,33.3,21,150,94,3,1,2,0,0,31,7,3,2,1,2,0,1,2,50.0,1,0,0,0,0,3,0,0,0,0,0,1,0,0,0,0,2,0,0,0,2,0,1,0.0,Chelsea,Estevao-Willian,2eda11b1
2025-08-30,Sat,Matchweek 3,Home,W 2–0,Chelsea,Fulham,Y,RW,67,0,0,0,0,1,1,0,0,32,0,0,0,0.4,0.4,0.0,2,0,19,22,86.4,1,24,3,7,4,Match Report,19,22,86.4,308,24,11,14,78.6,6,6,100.0,1,1,100.0,0,0.0,0.1,1,1,0,0,1,22,22,0,0,0,0,0,0,0,0,0,0,19,0,0,2,1,0,1,0,0,0,0,0,0,0,0,0,0,32,1,3,13,17,5,32,7,4,57.1,3,42.9,24,163,86,3,1,3,1,4,30,4,0,0,0,0,0,0,1,0.0,1,0,0,0,0,0,1,0,0,0,0,1,0,1,0,0,0,0,0,0,2,0,1,0.0,Chelsea,Estevao-Willian,2eda11b1
2025-08-17,Sun,Matchweek 1,Home,D 0–0,Chelsea,Crystal Palace,N,RB,12,0,0,0,0,1,0,0,0,18,0,0,0,0.0,0.0,0.0,1,0,17,17,100.0,5,13,0,0,0,Match Report,17,17,100.0,322,66,5,5,100.0,10,10,100.0,2,2,100.0,0,0.0,0.0,0,2,0,0,5,17,16,1,0,0,0,0,1,0,0,0,0,17,0,0,1,1,0,0,0,0,0,0,0,0,0,0,0,0,18,0,2,12,4,0,18,0,0,,0,,13,77,44,0,0,0,0,0,14,1,0,0,0,0,0,0,0,,0,0,0,0,0,0,0,0,0,0,0,0,0,0,0,0,0,0,0,0,0,0,1,0.0,Chelsea,Malo-Gusto,d56b9520
2025-08-22,Fri,Matchweek 2,Away,W 5–1,Chelsea,West Ham,Y,RB,68,0,0,0,0,0,0,0,0,42,2,1,0,0.0,0.0,0.0,1,1,31,35,88.6,2,20,0,0,0,Match Report,31,35,88.6,510,139,16,18,88.9,13,14,92.9,2,3,66.7,0,0.0,0.0,0,1,1,0,2,35,28,7,1,0,0,1,6,0,0,0,0,31,0,0,1,1,0,0,0,0,0,1,1,0,0,0,0,0,42,1,10,22,10,0,42,0,0,,0,,20,99,29,0,0,0,1,1,24,0,2,0,2,0,0,2,2,100.0,0,0,0,0,1,3,2,0,0,0,0,0,1,0,1,1,0,0,0,0,1,1,1,50.0,Chelsea,Malo-Gusto,d56b9520
2025-08-30,Sat,Matchweek 3,Home,W 2–0,Chelsea,Fulham,Y,"RB,RW",90,0,0,0,0,0,0,0,0,74,2,2,0,0.0,0.0,0.0,3,0,56,62,90.3,5,38,2,1,0,Match Report,56,62,90.3,844,236,35,38,92.1,18,19,94.7,2,4,50.0,0,0.0,0.0,1,8,0,0,5,62,52,10,3,0,0,1,7,0,0,0,0,56,0,0,3,2,0,0,0,0,1,0,0,0,0,0,0,0,74,4,15,40,19,2,74,1,0,0.0,1,100.0,38,216,98,2,0,0,6,0,47,6,2,1,0,0,2,1,1,100.0,0,0,0,0,2,4,2,0,0,0,0,1,2,0,1,2,1,0,0,0,7,0,0,,Chelsea,Malo-Gusto,d56b9520
2025-09-13,Sat,Matchweek 4,Away,D 2–2,Chelsea,Brentford,N,"On matchday squad, but did not play","On matchday squad, but did not play","On matchday squad, but did not play","On matchday squad, but did not play","On matchday squad, but did not play","On matchday squad, but did not play","On matchday squad, but did not play","On matchday squad, but did not play","On matchday squad, but did not play","On matchday squad, but did not play","On matchday squad, but did not play","On matchday squad, but did not play","On matchday squad, but did not play","On matchday squad, but did not play","On matchday squad, but did not play","On matchday squad, but did not play","On matchday squad, but did not play","On matchday squad, but did not play","On matchday squad, but did not play","On matchday squad, but did not play","On matchday squad, but did not play","On matchday squad, but did not play","On matchday squad, but did not play","On matchday squad, but did not play","On matchday squad, but did not play","On matchday squad, but did not play","On matchday squad, but did not play",Match Report,"On matchday squad, but did not play","On matchday squad, but did not play","On matchday squad, but did not play","On matchday squad, but did not play","On matchday squad, but did not play","On matchday squad, but did not play","On matchday squad, but did not play","On matchday squad, but did not play","On matchday squad, but did not play","On matchday squad, but did not play","On matchday squad, but did not play","On matchday squad, but did not play","On matchday squad, but did not play","On matchday squad, but did not play","On matchday squad, but did not play","On matchday squad, but did not play","On matchday squad, but did not play","On matchday squad, but did not play","On matchday squad, but did not play","On matchday squad, but did not play","On matchday squad, but did not play","On matchday squad, but did not play","On matchday squad, but did not play","On matchday squad, but did not play","On matchday squad, but did not play","On matchday squad, but did not play","On matchday squad, but did not play","On matchday squad, but did not play","On matchday squad, but did not play","On matchday squad, but did not play","On matchday squad, but did not play","On matchday squad, but did not play","On matchday squad, but did not play","On matchday squad, but did not play","On matchday squad, but did not play","On matchday squad, but did not play","On matchday squad, but did not play","On matchday squad, but did not play","On matchday squad, but did not play","On matchday squad, but did not play","On matchday squad, but did not play","On matchday squad, but did not play","On matchday squad, but did not play","On matchday squad, but did not play","On matchday squad, but did not play","On matchday squad, but did not play","On matchday squad, but did not play","On matchday squad, but did not play","On matchday squad, but did not play","On matchday squad, but did not play","On matchday squad, but did not play","On matchday squad, but did not play","On matchday squad, but did not play","On matchday squad, but did not play","On matchday squad, but did not play","On matchday squad, but did not play","On matchday squad, but did not play","On matchday squad, but did not play","On matchday squad, but did not play","On matchday squad, but did not play","On matchday squad, but did not play","On matchday squad, but did not play","On matchday squad, but did not play","On matchday squad, but did not play","On matchday squad, but did not play","On matchday squad, but did not play","On matchday squad, but did not play","On matchday squad, but did not play","On matchday squad, but did not play","On matchday squad, but did not play","On matchday squad, but did not play","On matchday squad, but did not play","On matchday squad, but did not play","On matchday squad, but did not play","On matchday squad, but did not play","On matchday squad, but did not play","On matchday squad, but did not play","On matchday squad, but did not play","On matchday squad, but did not play","On matchday squad, but did not play","On matchday squad, but did not play","On matchday squad, but did not play","On matchday squad, but did not play","On matchday squad, but did not play","On matchday squad, but did not play","On matchday squad, but did not play","On matchday squad, but did not play","On matchday squad, but did not play","On matchday squad, but did not play","On matchday squad, but did not play","On matchday squad, but did not play","On matchday squad, but did not play","On matchday squad, but did not play","On matchday squad, but did not play","On matchday squad, but did not play","On matchday squad, but did not play","On matchday squad, but did not play","On matchday squad, but did not play","On matchday squad, but did not play","On matchday squad, but did not play","On matchday squad, but did not play","On matchday squad, but did not play","On matchday squad, but did not play","On matchday squad, but did not play","On matchday squad, but did not play",Chelsea,Malo-Gusto,d56b9520
2025-08-17,Sun,Matchweek 1,Home,D 0–0,Chelsea,Crystal Palace,Y,LW,53,0,0,0,0,2,0,0,0,26,1,0,1,0.1,0.1,0.1,3,0,14,14,100.0,1,14,1,5,2,Match Report,14,14,100.0,205,20,7,7,100.0,7,7,100.0,0,0,,0,0.1,0.1,2,0,1,0,1,14,14,0,0,0,0,0,0,0,0,0,0,14,0,0,3,2,0,0,1,0,0,0,0,0,0,0,0,0,26,1,4,8,14,2,26,5,2,40.0,3,60.0,14,125,21,1,1,1,4,0,15,6,1,0,1,0,0,0,0,,0,1,0,1,0,1,1,0,0,0,0,2,0,0,0,0,0,0,0,0,1,1,1,50.0,Chelsea,Jamie-Gittens,10745192
2025-08-22,Fri,Matchweek 2,Away,W 5–1,Chelsea,West Ham,N,LW,14,0,0,0,0,0,0,0,0,6,0,0,0,0.0,0.0,0.0,0,0,5,6,83.3,0,3,0,0,0,Match Report,5,6,83.3,89,8,4,4,100.0,0,0,,1,1,100.0,0,0.0,0.0,0,0,0,0,0,6,5,0,0,0,0,1,0,0,0,0,0,5,1,0,0,0,0,0,0,0,0,0,0,0,0,0,0,0,6,0,0,1,5,2,6,0,0,,0,,3,5,5,0,1,0,0,0,4,2,0,0,0,0,0,0,0,,0,0,0,0,0,0,0,0,0,0,0,0,0,0,1,0,0,0,0,0,0,0,0,,Chelsea,Jamie-Gittens,10745192
2025-08-30,Sat,Matchweek 3,Home,W 2–0,Chelsea,Fulham,N,LW,23,0,0,0,0,1,0,0,0,6,1,0,0,0.0,0.0,0.0,0,0,2,2,100.0,0,3,1,0,0,Match Report,2,2,100.0,37,0,1,1,100.0,1,1,100.0,0,0,,0,0.0,0.0,0,0,0,0,0,2,2,0,0,0,0,0,0,0,0,0,0,2,0,0,0,0,0,0,0,0,0,0,0,0,0,0,0,0,6,0,1,2,3,1,6,0,0,,0,,3,9,7,1,0,1,1,0,3,0,1,1,0,1,0,1,1,100.0,0,0,0,0,0,1,0,0,0,0,0,1,0,0,0,0,1,0,0,0,1,0,0,,Chelsea,Jamie-Gittens,10745192
2025-09-13,Sat,Matchweek 4,Away,D 2–2,Chelsea,Brentford,Y,LW,55,0,0,0,0,1,1,0,0,16,0,0,0,0.0,0.0,0.1,2,0,11,14,78.6,0,12,3,1,0,Match Report,11,14,78.6,148,12,7,7,100.0,4,5,80.0,0,0,,0,0.1,0.0,1,0,0,0,0,14,14,0,0,0,0,1,0,0,0,0,0,11,0,2,2,2,0,0,0,0,0,0,0,0,0,0,0,0,16,0,0,3,13,3,16,1,0,0.0,0,0.0,12,109,76,3,0,3,1,0,15,3,0,0,0,0,0,0,0,,0,0,0,0,0,0,0,0,0,0,0,2,1,2,1,0,0,0,0,0,1,0,0,,Chelsea,Jamie-Gittens,10745192
2025-08-17,Sun,Matchweek 1,Home,D 0–0,Chelsea,Crystal Palace,N,FW,18,0,0,0,0,1,1,0,0,9,0,0,0,0.0,0.0,0.0,1,0,3,5,60.0,2,6,1,0,0,Match Report,3,5,60.0,45,10,1,3,33.3,2,2,100.0,0,0,,0,0.0,0.0,0,1,1,0,2,5,5,0,0,0,0,1,0,0,0,0,0,3,0,0,1,1,0,0,0,0,0,0,0,0,0,0,0,0,9,1,1,3,5,2,9,0,0,,0,,6,28,10,1,0,0,1,1,7,3,0,0,0,0,0,0,0,,0,0,0,0,0,0,1,0,0,0,0,0,0,0,1,0,0,0,0,0,1,0,2,0.0,Chelsea,Liam-Delap,dd897ee7
2025-08-22,Fri,Matchweek 2,Away,W 5–1,Chelsea,West Ham,Y,FW,61,0,0,0,0,1,1,0,0,13,0,0,0,0.1,0.1,0.0,0,0,6,8,75.0,1,7,1,0,0,Match Report,6,8,75.0,92,28,3,3,100.0,3,5,60.0,0,0,,0,0.0,0.0,0,0,0,0,1,8,8,0,0,0,0,0,0,0,0,0,0,6,0,0,0,0,0,0,0,0,0,0,0,0,0,0,0,0,13,0,0,5,8,2,13,0,0,,0,,7,66,30,1,1,0,1,1,10,0,0,0,0,0,0,0,0,,0,0,0,0,0,0,0,0,0,0,0,0,1,1,0,0,0,0,0,0,2,2,1,66.7,Chelsea,Liam-Delap,dd897ee7
2025-08-30,Sat,Matchweek 3,Home,W 2–0,Chelsea,Fulham,Y,FW,13,0,0,0,0,1,0,0,0,3,0,0,0,0.1,0.1,0.0,0,0,0,2,0.0,0,2,0,0,0,Match Report,0,2,0.0,0,0,0,1,0.0,0,0,,0,0,,0,0.0,0.0,0,0,0,0,0,2,2,0,0,0,0,0,0,0,0,0,0,0,0,0,0,0,0,0,0,0,0,0,0,0,0,0,0,0,3,0,0,2,1,1,3,0,0,,0,,2,5,2,0,0,0,0,0,3,1,0,0,0,0,0,0,0,,0,0,0,0,0,0,0,1,0,0,0,1,0,0,0,0,0,0,0,0,0,0,1,0.0,Chelsea,Liam-Delap,dd897ee7
2025-08-17,Sun,Matchweek 1,Home,D 0–0,Chelsea,Crystal Palace,Y*,RB,78,0,0,0,0,0,0,1,0,93,1,4,1,0.0,0.0,0.2,4,0,74,84,88.1,8,65,0,0,0,Match Report,74,84,88.1,1374,478,36,36,100.0,28,32,87.5,10,15,66.7,0,0.2,0.2,3,9,0,0,8,84,70,14,3,2,1,6,8,3,3,0,0,74,0,1,4,0,2,0,0,1,1,0,0,0,0,0,0,0,93,1,18,57,18,0,93,0,0,,0,,65,297,176,0,0,0,1,1,62,1,1,1,1,0,0,1,1,100.0,0,1,0,1,4,5,2,0,1,0,0,2,1,0,6,4,1,0,0,0,6,1,0,100.0,Chelsea,Reece-James,1265a93a
2025-08-22,Fri,Matchweek 2,Away,W 5–1,Chelsea,West Ham,N,RB,22,0,0,0,0,0,0,0,0,27,0,0,1,0.0,0.0,0.3,1,0,25,27,92.6,2,14,3,0,0,Match Report,25,27,92.6,416,105,14,15,93.3,8,8,100.0,3,4,75.0,0,0.3,0.1,1,3,1,0,2,27,27,0,0,1,0,0,0,0,0,0,0,25,0,0,1,1,0,0,0,0,0,0,0,0,0,0,0,0,27,0,8,16,3,0,27,0,0,,0,,14,107,79,3,0,0,0,0,23,0,0,0,0,0,0,0,0,,0,1,0,1,0,0,0,0,0,0,0,1,1,0,0,0,0,0,0,0,2,1,0,100.0,Chelsea,Reece-James,1265a93a
2025-08-30,Sat,Matchweek 3,Home,W 2–0,Chelsea,Fulham,N,RB,10,0,0,0,0,1,1,0,0,9,0,0,0,0.0,0.0,0.0,0,0,8,8,100.0,0,6,0,0,0,Match Report,8,8,100.0,171,84,3,3,100.0,3,3,100.0,2,2,100.0,0,0.0,0.0,0,1,0,0,0,8,6,2,0,0,0,0,2,0,0,0,0,8,0,0,0,0,0,0,0,0,0,0,0,0,0,0,0,0,9,0,3,5,1,0,9,0,0,,0,,6,26,10,0,0,0,0,1,6,0,0,0,0,0,0,0,0,,0,0,0,0,0,0,0,0,0,0,0,0,0,0,0,0,0,0,0,0,0,0,0,,Chelsea,Reece-James,1265a93a
2025-09-13,Sat,Matchweek 4,Away,D 2–2,Chelsea,Brentford,N,RB,45,0,0,0,0,1,0,0,0,45,0,0,0,0.0,0.0,0.0,3,2,38,41,92.7,3,23,1,3,1,Match Report,38,41,92.7,668,175,21,21,100.0,14,14,100.0,3,5,60.0,0,0.0,0.0,0,5,0,0,3,41,29,12,2,0,1,1,6,4,1,0,0,38,0,0,3,2,0,1,0,0,0,2,2,0,0,0,0,0,45,1,9,24,12,0,45,3,1,33.3,1,33.3,23,135,54,1,1,0,0,0,29,0,0,0,0,0,0,0,1,0.0,1,0,0,0,0,0,2,0,0,0,0,1,3,0,1,0,0,0,0,0,2,1,1,50.0,Chelsea,Reece-James,1265a93a
2025-08-17,Sun,Matchweek 1,Home,D 0–0,Chelsea,Crystal Palace,Y,AM,90.0,0.0,0.0,0.0,0.0,4.0,0.0,0.0,0.0,45.0,1.0,0.0,0.0,0.2,0.2,0.0,5.0,0.0,26.0,37.0,70.3,5.0,33.0,6.0,3.0,1.0,Match Report,26.0,37.0,70.3,398.0,81.0,13.0,16.0,81.3,11.0,15.0,73.3,2.0,3.0,66.7,0.0,0.0,0.0,1.0,3.0,0.0,0.0,5.0,37.0,36.0,1.0,0.0,1.0,0.0,4.0,0.0,0.0,0.0,0.0,0.0,26.0,0.0,3.0,5.0,4.0,0.0,0.0,1.0,0.0,0.0,0.0,0.0,0.0,0.0,0.0,0.0,0.0,45.0,0.0,2.0,17.0,29.0,7.0,45.0,3.0,1.0,33.3,1.0,33.3,33.0,216.0,107.0,6.0,2.0,2.0,2.0,0.0,33.0,9.0,1.0,1.0,0.0,1.0,0.0,0.0,1.0,0.0,1.0,0.0,0.0,0.0,0.0,1.0,0.0,0.0,0.0,0.0,0.0,1.0,0.0,0.0,4.0,0.0,1.0,0.0,0.0,0.0,4.0,0.0,0.0,,Chelsea,Cole-Palmer,dc7f8a28
2025-09-13,Sat,Matchweek 4,Away,D 2–2,Chelsea,Brentford,N,AM,35.0,1.0,0.0,0.0,0.0,5.0,2.0,0.0,0.0,21.0,1.0,0.0,0.0,0.6,0.6,0.0,4.0,1.0,12.0,14.0,85.7,5.0,12.0,3.0,2.0,1.0,Match Report,12.0,14.0,85.7,190.0,64.0,6.0,7.0,85.7,5.0,5.0,100.0,1.0,2.0,50.0,0.0,0.0,0.1,0.0,0.0,2.0,0.0,5.0,14.0,14.0,0.0,0.0,0.0,0.0,1.0,0.0,0.0,0.0,0.0,0.0,12.0,0.0,0.0,4.0,2.0,0.0,0.0,1.0,1.0,0.0,1.0,1.0,0.0,0.0,0.0,0.0,0.0,21.0,1.0,3.0,2.0,16.0,3.0,21.0,2.0,1.0,50.0,0.0,0.0,12.0,74.0,47.0,3.0,2.0,0.0,1.0,2.0,16.0,5.0,1.0,1.0,1.0,0.0,0.0,0.0,1.0,0.0,1.0,0.0,0.0,0.0,0.0,1.0,1.0,0.0,0.0,0.0,0.0,0.0,1.0,0.0,1.0,0.0,1.0,0.0,0.0,0.0,0.0,0.0,0.0,,Chelsea,Cole-Palmer,dc7f8a28
2025-08-17,Sun,Matchweek 1,Home,D 0–0,Chelsea,Crystal Palace,Y,CB,90,0,0,0,0,1,0,0,0,102,2,1,0,0.1,0.1,0.0,0,0,87,93,93.5,3,80,0,3,2,Match Report,87,93,93.5,1412,277,40,41,97.6,46,48,95.8,1,4,25.0,0,0.0,0.0,0,0,0,0,3,93,92,1,1,0,0,0,0,0,0,0,0,87,0,0,0,0,0,0,0,0,0,0,0,0,0,0,0,0,102,6,38,59,6,2,102,3,2,66.7,0,0.0,80,370,190,0,1,0,0,0,85,0,2,2,1,1,0,1,2,50.0,1,0,0,0,1,3,5,1,0,0,0,0,2,0,0,1,2,0,0,0,4,5,2,71.4,Chelsea,Joshua-Acheampong,b7e62e1d
2025-08-22,Fri,Matchweek 2,Away,W 5–1,Chelsea,West Ham,N,"On matchday squad, but did not play","On matchday squad, but did not play","On matchday squad, but did not play","On matchday squad, but did not play","On matchday squad, but did not play","On matchday squad, but did not play","On matchday squad, but did not play","On matchday squad, but did not play","On matchday squad, but did not play","On matchday squad, but did not play","On matchday squad, but did not play","On matchday squad, but did not play","On matchday squad, but did not play","On matchday squad, but did not play","On matchday squad, but did not play","On matchday squad, but did not play","On matchday squad, but did not play","On matchday squad, but did not play","On matchday squad, but did not play","On matchday squad, but did not play","On matchday squad, but did not play","On matchday squad, but did not play","On matchday squad, but did not play","On matchday squad, but did not play","On matchday squad, but did not play","On matchday squad, but did not play","On matchday squad, but did not play",Match Report,"On matchday squad, but did not play","On matchday squad, but did not play","On matchday squad, but did not play","On matchday squad, but did not play","On matchday squad, but did not play","On matchday squad, but did not play","On matchday squad, but did not play","On matchday squad, but did not play","On matchday squad, but did not play","On matchday squad, but did not play","On matchday squad, but did not play","On matchday squad, but did not play","On matchday squad, but did not play","On matchday squad, but did not play","On matchday squad, but did not play","On matchday squad, but did not play","On matchday squad, but did not play","On matchday squad, but did not play","On matchday squad, but did not play","On matchday squad, but did not play","On matchday squad, but did not play","On matchday squad, but did not play","On matchday squad, but did not play","On matchday squad, but did not play","On matchday squad, but did not play","On matchday squad, but did not play","On matchday squad, but did not play","On matchday squad, but did not play","On matchday squad, but did not play","On matchday squad, but did not play","On matchday squad, but did not play","On matchday squad, but did not play","On matchday squad, but did not play","On matchday squad, but did not play","On matchday squad, but did not play","On matchday squad, but did not play","On matchday squad, but did not play","On matchday squad, but did not play","On matchday squad, but did not play","On matchday squad, but did not play","On matchday squad, but did not play","On matchday squad, but did not play","On matchday squad, but did not play","On matchday squad, but did not play","On matchday squad, but did not play","On matchday squad, but did not play","On matchday squad, but did not play","On matchday squad, but did not play","On matchday squad, but did not play","On matchday squad, but did not play","On matchday squad, but did not play","On matchday squad, but did not play","On matchday squad, but did not play","On matchday squad, but did not play","On matchday squad, but did not play","On matchday squad, but did not play","On matchday squad, but did not play","On matchday squad, but did not play","On matchday squad, but did not play","On matchday squad, but did not play","On matchday squad, but did not play","On matchday squad, but did not play","On matchday squad, but did not play","On matchday squad, but did not play","On matchday squad, but did not play","On matchday squad, but did not play","On matchday squad, but did not play","On matchday squad, but did not play","On matchday squad, but did not play","On matchday squad, but did not play","On matchday squad, but did not play","On matchday squad, but did not play","On matchday squad, but did not play","On matchday squad, but did not play","On matchday squad, but did not play","On matchday squad, but did not play","On matchday squad, but did not play","On matchday squad, but did not play","On matchday squad, but did not play","On matchday squad, but did not play","On matchday squad, but did not play","On matchday squad, but did not play","On matchday squad, but did not play","On matchday squad, but did not play","On matchday squad, but did not play","On matchday squad, but did not play","On matchday squad, but did not play","On matchday squad, but did not play","On matchday squad, but did not play","On matchday squad, but did not play","On matchday squad, but did not play","On matchday squad, but did not play","On matchday squad, but did not play","On matchday squad, but did not play","On matchday squad, but did not play","On matchday squad, but did not play","On matchday squad, but did not play","On matchday squad, but did not play","On matchday squad, but did not play","On matchday squad, but did not play","On matchday squad, but did not play","On matchday squad, but did not play","On matchday squad, but did not play","On matchday squad, but did not play","On matchday squad, but did not play",Chelsea,Joshua-Acheampong,b7e62e1d
2025-08-30,Sat,Matchweek 3,Home,W 2–0,Chelsea,Fulham,N,"On matchday squad, but did not play","On matchday squad, but did not play","On matchday squad, but did not play","On matchday squad, but did not play","On matchday squad, but did not play","On matchday squad, but did not play","On matchday squad, but did not play","On matchday squad, but did not play","On matchday squad, but did not play","On matchday squad, but did not play","On matchday squad, but did not play","On matchday squad, but did not play","On matchday squad, but did not play","On matchday squad, but did not play","On matchday squad, but did not play","On matchday squad, but did not play","On matchday squad, but did not play","On matchday squad, but did not play","On matchday squad, but did not play","On matchday squad, but did not play","On matchday squad, but did not play","On matchday squad, but did not play","On matchday squad, but did not play","On matchday squad, but did not play","On matchday squad, but did not play","On matchday squad, but did not play","On matchday squad, but did not play",Match Report,"On matchday squad, but did not play","On matchday squad, but did not play","On matchday squad, but did not play","On matchday squad, but did not play","On matchday squad, but did not play","On matchday squad, but did not play","On matchday squad, but did not play","On matchday squad, but did not play","On matchday squad, but did not play","On matchday squad, but did not play","On matchday squad, but did not play","On matchday squad, but did not play","On matchday squad, but did not play","On matchday squad, but did not play","On matchday squad, but did not play","On matchday squad, but did not play","On matchday squad, but did not play","On matchday squad, but did not play","On matchday squad, but did not play","On matchday squad, but did not play","On matchday squad, but did not play","On matchday squad, but did not play","On matchday squad, but did not play","On matchday squad, but did not play","On matchday squad, but did not play","On matchday squad, but did not play","On matchday squad, but did not play","On matchday squad, but did not play","On matchday squad, but did not play","On matchday squad, but did not play","On matchday squad, but did not play","On matchday squad, but did not play","On matchday squad, but did not play","On matchday squad, but did not play","On matchday squad, but did not play","On matchday squad, but did not play","On matchday squad, but did not play","On matchday squad, but did not play","On matchday squad, but did not play","On matchday squad, but did not play","On matchday squad, but did not play","On matchday squad, but did not play","On matchday squad, but did not play","On matchday squad, but did not play","On matchday squad, but did not play","On matchday squad, but did not play","On matchday squad, but did not play","On matchday squad, but did not play","On matchday squad, but did not play","On matchday squad, but did not play","On matchday squad, but did not play","On matchday squad, but did not play","On matchday squad, but did not play","On matchday squad, but did not play","On matchday squad, but did not play","On matchday squad, but did not play","On matchday squad, but did not play","On matchday squad, but did not play","On matchday squad, but did not play","On matchday squad, but did not play","On matchday squad, but did not play","On matchday squad, but did not play","On matchday squad, but did not play","On matchday squad, but did not play","On matchday squad, but did not play","On matchday squad, but did not play","On matchday squad, but did not play","On matchday squad, but did not play","On matchday squad, but did not play","On matchday squad, but did not play","On matchday squad, but did not play","On matchday squad, but did not play","On matchday squad, but did not play","On matchday squad, but did not play","On matchday squad, but did not play","On matchday squad, but did not play","On matchday squad, but did not play","On matchday squad, but did not play","On matchday squad, but did not play","On matchday squad, but did not play","On matchday squad, but did not play","On matchday squad, but did not play","On matchday squad, but did not play","On matchday squad, but did not play","On matchday squad, but did not play","On matchday squad, but did not play","On matchday squad, but did not play","On matchday squad, but did not play","On matchday squad, but did not play","On matchday squad, but did not play","On matchday squad, but did not play","On matchday squad, but did not play","On matchday squad, but did not play","On matchday squad, but did not play","On matchday squad, but did not play","On matchday squad, but did not play","On matchday squad, but did not play","On matchday squad, but did not play","On matchday squad, but did not play","On matchday squad, but did not play","On matchday squad, but did not play","On matchday squad, but did not play","On matchday squad, but did not play","On matchday squad, but did not play","On matchday squad, but did not play",Chelsea,Joshua-Acheampong,b7e62e1d
2025-09-13,Sat,Matchweek 4,Away,D 2–2,Chelsea,Brentford,N,"On matchday squad, but did not play","On matchday squad, but did not play","On matchday squad, but did not play","On matchday squad, but did not play","On matchday squad, but did not play","On matchday squad, but did not play","On matchday squad, but did not play","On matchday squad, but did not play","On matchday squad, but did not play","On matchday squad, but did not play","On matchday squad, but did not play","On matchday squad, but did not play","On matchday squad, but did not play","On matchday squad, but did not play","On matchday squad, but did not play","On matchday squad, but did not play","On matchday squad, but did not play","On matchday squad, but did not play","On matchday squad, but did not play","On matchday squad, but did not play","On matchday squad, but did not play","On matchday squad, but did not play","On matchday squad, but did not play","On matchday squad, but did not play","On matchday squad, but did not play","On matchday squad, but did not play","On matchday squad, but did not play",Match Report,"On matchday squad, but did not play","On matchday squad, but did not play","On matchday squad, but did not play","On matchday squad, but did not play","On matchday squad, but did not play","On matchday squad, but did not play","On matchday squad, but did not play","On matchday squad, but did not play","On matchday squad, but did not play","On matchday squad, but did not play","On matchday squad, but did not play","On matchday squad, but did not play","On matchday squad, but did not play","On matchday squad, but did not play","On matchday squad, but did not play","On matchday squad, but did not play","On matchday squad, but did not play","On matchday squad, but did not play","On matchday squad, but did not play","On matchday squad, but did not play","On matchday squad, but did not play","On matchday squad, but did not play","On matchday squad, but did not play","On matchday squad, but did not play","On matchday squad, but did not play","On matchday squad, but did not play","On matchday squad, but did not play","On matchday squad, but did not play","On matchday squad, but did not play","On matchday squad, but did not play","On matchday squad, but did not play","On matchday squad, but did not play","On matchday squad, but did not play","On matchday squad, but did not play","On matchday squad, but did not play","On matchday squad, but did not play","On matchday squad, but did not play","On matchday squad, but did not play","On matchday squad, but did not play","On matchday squad, but did not play","On matchday squad, but did not play","On matchday squad, but did not play","On matchday squad, but did not play","On matchday squad, but did not play","On matchday squad, but did not play","On matchday squad, but did not play","On matchday squad, but did not play","On matchday squad, but did not play","On matchday squad, but did not play","On matchday squad, but did not play","On matchday squad, but did not play","On matchday squad, but did not play","On matchday squad, but did not play","On matchday squad, but did not play","On matchday squad, but did not play","On matchday squad, but did not play","On matchday squad, but did not play","On matchday squad, but did not play","On matchday squad, but did not play","On matchday squad, but did not play","On matchday squad, but did not play","On matchday squad, but did not play","On matchday squad, but did not play","On matchday squad, but did not play","On matchday squad, but did not play","On matchday squad, but did not play","On matchday squad, but did not play","On matchday squad, but did not play","On matchday squad, but did not play","On matchday squad, but did not play","On matchday squad, but did not play","On matchday squad, but did not play","On matchday squad, but did not play","On matchday squad, but did not play","On matchday squad, but did not play","On matchday squad, but did not play","On matchday squad, but did not play","On matchday squad, but did not play","On matchday squad, but did not play","On matchday squad, but did not play","On matchday squad, but did not play","On matchday squad, but did not play","On matchday squad, but did not play","On matchday squad, but did not play","On matchday squad, but did not play","On matchday squad, but did not play","On matchday squad, but did not play","On matchday squad, but did not play","On matchday squad, but did not play","On matchday squad, but did not play","On matchday squad, but did not play","On matchday squad, but did not play","On matchday squad, but did not play","On matchday squad, but did not play","On matchday squad, but did not play","On matchday squad, but did not play","On matchday squad, but did not play","On matchday squad, but did not play","On matchday squad, but did not play","On matchday squad, but did not play","On matchday squad, but did not play","On matchday squad, but did not play","On matchday squad, but did not play","On matchday squad, but did not play","On matchday squad, but did not play",Chelsea,Joshua-Acheampong,b7e62e1d
2025-08-17,Sun,Matchweek 1,Home,D 0–0,Chelsea,Crystal Palace,N,"On matchday squad, but did not play","On matchday squad, but did not play","On matchday squad, but did not play","On matchday squad, but did not play","On matchday squad, but did not play","On matchday squad, but did not play","On matchday squad, but did not play","On matchday squad, but did not play","On matchday squad, but did not play","On matchday squad, but did not play","On matchday squad, but did not play","On matchday squad, but did not play","On matchday squad, but did not play","On matchday squad, but did not play","On matchday squad, but did not play","On matchday squad, but did not play","On matchday squad, but did not play","On matchday squad, but did not play","On matchday squad, but did not play","On matchday squad, but did not play","On matchday squad, but did not play","On matchday squad, but did not play","On matchday squad, but did not play","On matchday squad, but did not play","On matchday squad, but did not play","On matchday squad, but did not play","On matchday squad, but did not play",Match Report,"On matchday squad, but did not play","On matchday squad, but did not play","On matchday squad, but did not play","On matchday squad, but did not play","On matchday squad, but did not play","On matchday squad, but did not play","On matchday squad, but did not play","On matchday squad, but did not play","On matchday squad, but did not play","On matchday squad, but did not play","On matchday squad, but did not play","On matchday squad, but did not play","On matchday squad, but did not play","On matchday squad, but did not play","On matchday squad, but did not play","On matchday squad, but did not play","On matchday squad, but did not play","On matchday squad, but did not play","On matchday squad, but did not play","On matchday squad, but did not play","On matchday squad, but did not play","On matchday squad, but did not play","On matchday squad, but did not play","On matchday squad, but did not play","On matchday squad, but did not play","On matchday squad, but did not play","On matchday squad, but did not play","On matchday squad, but did not play","On matchday squad, but did not play","On matchday squad, but did not play","On matchday squad, but did not play","On matchday squad, but did not play","On matchday squad, but did not play","On matchday squad, but did not play","On matchday squad, but did not play","On matchday squad, but did not play","On matchday squad, but did not play","On matchday squad, but did not play","On matchday squad, but did not play","On matchday squad, but did not play","On matchday squad, but did not play","On matchday squad, but did not play","On matchday squad, but did not play","On matchday squad, but did not play","On matchday squad, but did not play","On matchday squad, but did not play","On matchday squad, but did not play","On matchday squad, but did not play","On matchday squad, but did not play","On matchday squad, but did not play","On matchday squad, but did not play","On matchday squad, but did not play","On matchday squad, but did not play","On matchday squad, but did not play","On matchday squad, but did not play","On matchday squad, but did not play","On matchday squad, but did not play","On matchday squad, but did not play","On matchday squad, but did not play","On matchday squad, but did not play","On matchday squad, but did not play","On matchday squad, but did not play","On matchday squad, but did not play","On matchday squad, but did not play","On matchday squad, but did not play","On matchday squad, but did not play","On matchday squad, but did not play","On matchday squad, but did not play","On matchday squad, but did not play","On matchday squad, but did not play","On matchday squad, but did not play","On matchday squad, but did not play","On matchday squad, but did not play","On matchday squad, but did not play","On matchday squad, but did not play","On matchday squad, but did not play","On matchday squad, but did not play","On matchday squad, but did not play","On matchday squad, but did not play","On matchday squad, but did not play","On matchday squad, but did not play","On matchday squad, but did not play","On matchday squad, but did not play","On matchday squad, but did not play","On matchday squad, but did not play","On matchday squad, but did not play","On matchday squad, but did not play","On matchday squad, but did not play","On matchday squad, but did not play","On matchday squad, but did not play","On matchday squad, but did not play","On matchday squad, but did not play","On matchday squad, but did not play","On matchday squad, but did not play","On matchday squad, but did not play","On matchday squad, but did not play","On matchday squad, but did not play","On matchday squad, but did not play","On matchday squad, but did not play","On matchday squad, but did not play","On matchday squad, but did not play","On matchday squad, but did not play","On matchday squad, but did not play","On matchday squad, but did not play","On matchday squad, but did not play",Chelsea,Wesley-Fofana,132a82f1
2025-08-22,Fri,Matchweek 2,Away,W 5–1,Chelsea,West Ham,N,CB,22,0,0,0,0,0,0,0,0,13,1,1,0,0.0,0.0,0.0,0,0,11,11,100.0,0,6,0,0,0,Match Report,11,11,100.0,175,54,5,5,100.0,6,6,100.0,0,0,,0,0.0,0.0,0,0,0,0,0,11,11,0,0,0,0,0,0,0,0,0,0,11,0,0,0,0,0,0,0,0,0,0,0,0,0,0,0,0,13,1,5,8,0,0,13,0,0,,0,,6,10,2,0,0,0,0,0,11,0,1,1,0,1,0,0,1,0.0,1,0,0,0,1,2,0,0,0,0,0,1,1,0,0,1,1,0,0,0,0,0,2,0.0,Chelsea,Wesley-Fofana,132a82f1
2025-08-30,Sat,Matchweek 3,Home,W 2–0,Chelsea,Fulham,N,"On matchday squad, but did not play","On matchday squad, but did not play","On matchday squad, but did not play","On matchday squad, but did not play","On matchday squad, but did not play","On matchday squad, but did not play","On matchday squad, but did not play","On matchday squad, but did not play","On matchday squad, but did not play","On matchday squad, but did not play","On matchday squad, but did not play","On matchday squad, but did not play","On matchday squad, but did not play","On matchday squad, but did not play","On matchday squad, but did not play","On matchday squad, but did not play","On matchday squad, but did not play","On matchday squad, but did not play","On matchday squad, but did not play","On matchday squad, but did not play","On matchday squad, but did not play","On matchday squad, but did not play","On matchday squad, but did not play","On matchday squad, but did not play","On matchday squad, but did not play","On matchday squad, but did not play","On matchday squad, but did not play",Match Report,"On matchday squad, but did not play","On matchday squad, but did not play","On matchday squad, but did not play","On matchday squad, but did not play","On matchday squad, but did not play","On matchday squad, but did not play","On matchday squad, but did not play","On matchday squad, but did not play","On matchday squad, but did not play","On matchday squad, but did not play","On matchday squad, but did not play","On matchday squad, but did not play","On matchday squad, but did not play","On matchday squad, but did not play","On matchday squad, but did not play","On matchday squad, but did not play","On matchday squad, but did not play","On matchday squad, but did not play","On matchday squad, but did not play","On matchday squad, but did not play","On matchday squad, but did not play","On matchday squad, but did not play","On matchday squad, but did not play","On matchday squad, but did not play","On matchday squad, but did not play","On matchday squad, but did not play","On matchday squad, but did not play","On matchday squad, but did not play","On matchday squad, but did not play","On matchday squad, but did not play","On matchday squad, but did not play","On matchday squad, but did not play","On matchday squad, but did not play","On matchday squad, but did not play","On matchday squad, but did not play","On matchday squad, but did not play","On matchday squad, but did not play","On matchday squad, but did not play","On matchday squad, but did not play","On matchday squad, but did not play","On matchday squad, but did not play","On matchday squad, but did not play","On matchday squad, but did not play","On matchday squad, but did not play","On matchday squad, but did not play","On matchday squad, but did not play","On matchday squad, but did not play","On matchday squad, but did not play","On matchday squad, but did not play","On matchday squad, but did not play","On matchday squad, but did not play","On matchday squad, but did not play","On matchday squad, but did not play","On matchday squad, but did not play","On matchday squad, but did not play","On matchday squad, but did not play","On matchday squad, but did not play","On matchday squad, but did not play","On matchday squad, but did not play","On matchday squad, but did not play","On matchday squad, but did not play","On matchday squad, but did not play","On matchday squad, but did not play","On matchday squad, but did not play","On matchday squad, but did not play","On matchday squad, but did not play","On matchday squad, but did not play","On matchday squad, but did not play","On matchday squad, but did not play","On matchday squad, but did not play","On matchday squad, but did not play","On matchday squad, but did not play","On matchday squad, but did not play","On matchday squad, but did not play","On matchday squad, but did not play","On matchday squad, but did not play","On matchday squad, but did not play","On matchday squad, but did not play","On matchday squad, but did not play","On matchday squad, but did not play","On matchday squad, but did not play","On matchday squad, but did not play","On matchday squad, but did not play","On matchday squad, but did not play","On matchday squad, but did not play","On matchday squad, but did not play","On matchday squad, but did not play","On matchday squad, but did not play","On matchday squad, but did not play","On matchday squad, but did not play","On matchday squad, but did not play","On matchday squad, but did not play","On matchday squad, but did not play","On matchday squad, but did not play","On matchday squad, but did not play","On matchday squad, but did not play","On matchday squad, but did not play","On matchday squad, but did not play","On matchday squad, but did not play","On matchday squad, but did not play","On matchday squad, but did not play","On matchday squad, but did not play","On matchday squad, but did not play","On matchday squad, but did not play","On matchday squad, but did not play",Chelsea,Wesley-Fofana,132a82f1
2025-09-13,Sat,Matchweek 4,Away,D 2–2,Chelsea,Brentford,Y,RB,45,0,0,0,0,0,0,0,0,58,0,1,0,0.0,0.0,0.0,1,0,51,56,91.1,2,37,2,0,0,Match Report,51,56,91.1,736,153,28,30,93.3,21,22,95.5,1,2,50.0,0,0.0,0.0,0,9,0,0,2,56,50,5,0,0,0,0,5,0,0,0,0,51,1,0,1,1,0,0,0,0,0,0,0,0,0,0,0,0,58,1,6,49,3,0,58,0,0,,0,,37,160,127,2,1,0,0,0,46,1,0,0,0,0,0,0,0,,0,0,0,0,1,1,1,0,0,0,0,0,1,0,0,1,0,0,0,0,1,2,0,100.0,Chelsea,Wesley-Fofana,132a82f1
2025-08-17,Sun,Matchweek 1,Home,D 0–0,Chelsea,Crystal Palace,N,"On matchday squad, but did not play","On matchday squad, but did not play","On matchday squad, but did not play","On matchday squad, but did not play","On matchday squad, but did not play","On matchday squad, but did not play","On matchday squad, but did not play","On matchday squad, but did not play","On matchday squad, but did not play","On matchday squad, but did not play","On matchday squad, but did not play","On matchday squad, but did not play","On matchday squad, but did not play","On matchday squad, but did not play","On matchday squad, but did not play","On matchday squad, but did not play","On matchday squad, but did not play","On matchday squad, but did not play","On matchday squad, but did not play","On matchday squad, but did not play","On matchday squad, but did not play","On matchday squad, but did not play","On matchday squad, but did not play","On matchday squad, but did not play","On matchday squad, but did not play","On matchday squad, but did not play","On matchday squad, but did not play",Match Report,"On matchday squad, but did not play","On matchday squad, but did not play","On matchday squad, but did not play","On matchday squad, but did not play","On matchday squad, but did not play","On matchday squad, but did not play","On matchday squad, but did not play","On matchday squad, but did not play","On matchday squad, but did not play","On matchday squad, but did not play","On matchday squad, but did not play","On matchday squad, but did not play","On matchday squad, but did not play","On matchday squad, but did not play","On matchday squad, but did not play","On matchday squad, but did not play","On matchday squad, but did not play","On matchday squad, but did not play","On matchday squad, but did not play","On matchday squad, but did not play","On matchday squad, but did not play","On matchday squad, but did not play","On matchday squad, but did not play","On matchday squad, but did not play","On matchday squad, but did not play","On matchday squad, but did not play","On matchday squad, but did not play","On matchday squad, but did not play","On matchday squad, but did not play","On matchday squad, but did not play","On matchday squad, but did not play","On matchday squad, but did not play","On matchday squad, but did not play","On matchday squad, but did not play","On matchday squad, but did not play","On matchday squad, but did not play","On matchday squad, but did not play","On matchday squad, but did not play","On matchday squad, but did not play","On matchday squad, but did not play","On matchday squad, but did not play","On matchday squad, but did not play","On matchday squad, but did not play","On matchday squad, but did not play","On matchday squad, but did not play","On matchday squad, but did not play","On matchday squad, but did not play","On matchday squad, but did not play","On matchday squad, but did not play","On matchday squad, but did not play","On matchday squad, but did not play","On matchday squad, but did not play","On matchday squad, but did not play","On matchday squad, but did not play","On matchday squad, but did not play","On matchday squad, but did not play","On matchday squad, but did not play","On matchday squad, but did not play","On matchday squad, but did not play","On matchday squad, but did not play","On matchday squad, but did not play","On matchday squad, but did not play","On matchday squad, but did not play","On matchday squad, but did not play","On matchday squad, but did not play","On matchday squad, but did not play","On matchday squad, but did not play","On matchday squad, but did not play","On matchday squad, but did not play","On matchday squad, but did not play","On matchday squad, but did not play","On matchday squad, but did not play","On matchday squad, but did not play","On matchday squad, but did not play","On matchday squad, but did not play","On matchday squad, but did not play","On matchday squad, but did not play","On matchday squad, but did not play","On matchday squad, but did not play","On matchday squad, but did not play","On matchday squad, but did not play","On matchday squad, but did not play","On matchday squad, but did not play","On matchday squad, but did not play","On matchday squad, but did not play","On matchday squad, but did not play","On matchday squad, but did not play","On matchday squad, but did not play","On matchday squad, but did not play","On matchday squad, but did not play","On matchday squad, but did not play","On matchday squad, but did not play","On matchday squad, but did not play","On matchday squad, but did not play","On matchday squad, but did not play","On matchday squad, but did not play","On matchday squad, but did not play","On matchday squad, but did not play","On matchday squad, but did not play","On matchday squad, but did not play","On matchday squad, but did not play","On matchday squad, but did not play","On matchday squad, but did not play","On matchday squad, but did not play","On matchday squad, but did not play",Chelsea,Jorrel-Hato,bde35051
2025-08-22,Fri,Matchweek 2,Away,W 5–1,Chelsea,West Ham,N,LB,22,0,0,0,0,0,0,1,0,14,0,0,0,0.0,0.0,0.0,0,0,13,13,100.0,2,6,0,0,0,Match Report,13,13,100.0,226,26,4,4,100.0,8,8,100.0,1,1,100.0,0,0.0,0.0,0,2,0,0,2,13,13,0,0,0,0,0,0,0,0,0,0,13,0,0,0,0,0,0,0,0,0,0,0,0,0,0,0,0,14,1,3,9,2,0,14,0,0,,0,,6,15,10,0,0,0,0,1,12,0,0,0,0,0,0,0,1,0.0,1,0,0,0,0,0,1,0,1,0,0,1,0,0,0,0,0,0,0,0,1,0,1,0.0,Chelsea,Jorrel-Hato,bde35051
2025-08-30,Sat,Matchweek 3,Home,W 2–0,Chelsea,Fulham,N,"On matchday squad, but did not play","On matchday squad, but did not play","On matchday squad, but did not play","On matchday squad, but did not play","On matchday squad, but did not play","On matchday squad, but did not play","On matchday squad, but did not play","On matchday squad, but did not play","On matchday squad, but did not play","On matchday squad, but did not play","On matchday squad, but did not play","On matchday squad, but did not play","On matchday squad, but did not play","On matchday squad, but did not play","On matchday squad, but did not play","On matchday squad, but did not play","On matchday squad, but did not play","On matchday squad, but did not play","On matchday squad, but did not play","On matchday squad, but did not play","On matchday squad, but did not play","On matchday squad, but did not play","On matchday squad, but did not play","On matchday squad, but did not play","On matchday squad, but did not play","On matchday squad, but did not play","On matchday squad, but did not play",Match Report,"On matchday squad, but did not play","On matchday squad, but did not play","On matchday squad, but did not play","On matchday squad, but did not play","On matchday squad, but did not play","On matchday squad, but did not play","On matchday squad, but did not play","On matchday squad, but did not play","On matchday squad, but did not play","On matchday squad, but did not play","On matchday squad, but did not play","On matchday squad, but did not play","On matchday squad, but did not play","On matchday squad, but did not play","On matchday squad, but did not play","On matchday squad, but did not play","On matchday squad, but did not play","On matchday squad, but did not play","On matchday squad, but did not play","On matchday squad, but did not play","On matchday squad, but did not play","On matchday squad, but did not play","On matchday squad, but did not play","On matchday squad, but did not play","On matchday squad, but did not play","On matchday squad, but did not play","On matchday squad, but did not play","On matchday squad, but did not play","On matchday squad, but did not play","On matchday squad, but did not play","On matchday squad, but did not play","On matchday squad, but did not play","On matchday squad, but did not play","On matchday squad, but did not play","On matchday squad, but did not play","On matchday squad, but did not play","On matchday squad, but did not play","On matchday squad, but did not play","On matchday squad, but did not play","On matchday squad, but did not play","On matchday squad, but did not play","On matchday squad, but did not play","On matchday squad, but did not play","On matchday squad, but did not play","On matchday squad, but did not play","On matchday squad, but did not play","On matchday squad, but did not play","On matchday squad, but did not play","On matchday squad, but did not play","On matchday squad, but did not play","On matchday squad, but did not play","On matchday squad, but did not play","On matchday squad, but did not play","On matchday squad, but did not play","On matchday squad, but did not play","On matchday squad, but did not play","On matchday squad, but did not play","On matchday squad, but did not play","On matchday squad, but did not play","On matchday squad, but did not play","On matchday squad, but did not play","On matchday squad, but did not play","On matchday squad, but did not play","On matchday squad, but did not play","On matchday squad, but did not play","On matchday squad, but did not play","On matchday squad, but did not play","On matchday squad, but did not play","On matchday squad, but did not play","On matchday squad, but did not play","On matchday squad, but did not play","On matchday squad, but did not play","On matchday squad, but did not play","On matchday squad, but did not play","On matchday squad, but did not play","On matchday squad, but did not play","On matchday squad, but did not play","On matchday squad, but did not play","On matchday squad, but did not play","On matchday squad, but did not play","On matchday squad, but did not play","On matchday squad, but did not play","On matchday squad, but did not play","On matchday squad, but did not play","On matchday squad, but did not play","On matchday squad, but did not play","On matchday squad, but did not play","On matchday squad, but did not play","On matchday squad, but did not play","On matchday squad, but did not play","On matchday squad, but did not play","On matchday squad, but did not play","On matchday squad, but did not play","On matchday squad, but did not play","On matchday squad, but did not play","On matchday squad, but did not play","On matchday squad, but did not play","On matchday squad, but did not play","On matchday squad, but did not play","On matchday squad, but did not play","On matchday squad, but did not play","On matchday squad, but did not play","On matchday squad, but did not play","On matchday squad, but did not play","On matchday squad, but did not play",Chelsea,Jorrel-Hato,bde35051
2025-09-13,Sat,Matchweek 4,Away,D 2–2,Chelsea,Brentford,Y,LB,45,0,0,0,0,0,0,1,0,29,0,0,1,0.0,0.0,0.0,0,0,22,24,91.7,0,18,0,1,1,Match Report,22,24,91.7,296,6,15,16,93.8,5,5,100.0,1,2,50.0,0,0.0,0.0,0,0,0,0,0,24,19,5,0,0,0,0,5,0,0,0,0,22,0,0,0,0,0,0,0,0,0,0,0,0,0,0,0,0,29,1,5,16,8,1,29,1,1,100.0,0,0.0,18,44,6,0,0,0,1,2,18,1,0,0,0,0,0,0,0,,0,1,0,1,0,0,1,0,1,0,0,1,0,0,0,0,0,0,0,0,2,0,1,0.0,Chelsea,Jorrel-Hato,bde35051
2025-09-13,Sat,Matchweek 4,Away,D 2–2,Chelsea,Brentford,Y,AM,45,0,0,0,0,0,0,0,0,30,1,0,1,0.0,0.0,0.3,2,0,20,22,90.9,0,16,0,1,0,Match Report,20,22,90.9,251,29,15,16,93.8,3,4,75.0,1,1,100.0,0,0.3,0.1,2,2,0,0,0,22,22,0,0,0,0,0,0,0,0,0,0,20,0,0,2,2,0,0,0,0,0,0,0,0,0,0,0,0,30,0,1,12,17,4,30,1,0,0.0,1,100.0,16,64,9,0,1,0,2,0,21,5,1,0,0,0,1,0,0,,0,1,0,1,0,1,0,0,0,0,0,0,0,0,0,0,0,0,0,0,2,0,0,,Chelsea,Facundo-Buonanotte,468a7a91
2025-08-17,Sun,Matchweek 1,Home,D 0–0,Chelsea,Crystal Palace,N,"On matchday squad, but did not play","On matchday squad, but did not play","On matchday squad, but did not play","On matchday squad, but did not play","On matchday squad, but did not play","On matchday squad, but did not play","On matchday squad, but did not play","On matchday squad, but did not play","On matchday squad, but did not play","On matchday squad, but did not play","On matchday squad, but did not play","On matchday squad, but did not play","On matchday squad, but did not play","On matchday squad, but did not play","On matchday squad, but did not play","On matchday squad, but did not play","On matchday squad, but did not play","On matchday squad, but did not play","On matchday squad, but did not play","On matchday squad, but did not play","On matchday squad, but did not play","On matchday squad, but did not play","On matchday squad, but did not play","On matchday squad, but did not play","On matchday squad, but did not play","On matchday squad, but did not play","On matchday squad, but did not play",Match Report,"On matchday squad, but did not play","On matchday squad, but did not play","On matchday squad, but did not play","On matchday squad, but did not play","On matchday squad, but did not play","On matchday squad, but did not play","On matchday squad, but did not play","On matchday squad, but did not play","On matchday squad, but did not play","On matchday squad, but did not play","On matchday squad, but did not play","On matchday squad, but did not play","On matchday squad, but did not play","On matchday squad, but did not play","On matchday squad, but did not play","On matchday squad, but did not play","On matchday squad, but did not play","On matchday squad, but did not play","On matchday squad, but did not play","On matchday squad, but did not play","On matchday squad, but did not play","On matchday squad, but did not play","On matchday squad, but did not play","On matchday squad, but did not play","On matchday squad, but did not play","On matchday squad, but did not play","On matchday squad, but did not play","On matchday squad, but did not play","On matchday squad, but did not play","On matchday squad, but did not play","On matchday squad, but did not play","On matchday squad, but did not play","On matchday squad, but did not play","On matchday squad, but did not play","On matchday squad, but did not play","On matchday squad, but did not play","On matchday squad, but did not play","On matchday squad, but did not play","On matchday squad, but did not play","On matchday squad, but did not play","On matchday squad, but did not play","On matchday squad, but did not play","On matchday squad, but did not play","On matchday squad, but did not play","On matchday squad, but did not play","On matchday squad, but did not play","On matchday squad, but did not play","On matchday squad, but did not play","On matchday squad, but did not play","On matchday squad, but did not play","On matchday squad, but did not play","On matchday squad, but did not play","On matchday squad, but did not play","On matchday squad, but did not play","On matchday squad, but did not play","On matchday squad, but did not play","On matchday squad, but did not play","On matchday squad, but did not play","On matchday squad, but did not play","On matchday squad, but did not play","On matchday squad, but did not play","On matchday squad, but did not play","On matchday squad, but did not play","On matchday squad, but did not play","On matchday squad, but did not play","On matchday squad, but did not play","On matchday squad, but did not play","On matchday squad, but did not play","On matchday squad, but did not play","On matchday squad, but did not play","On matchday squad, but did not play","On matchday squad, but did not play","On matchday squad, but did not play","On matchday squad, but did not play","On matchday squad, but did not play","On matchday squad, but did not play","On matchday squad, but did not play","On matchday squad, but did not play","On matchday squad, but did not play","On matchday squad, but did not play","On matchday squad, but did not play","On matchday squad, but did not play","On matchday squad, but did not play","On matchday squad, but did not play","On matchday squad, but did not play","On matchday squad, but did not play","On matchday squad, but did not play","On matchday squad, but did not play","On matchday squad, but did not play","On matchday squad, but did not play","On matchday squad, but did not play","On matchday squad, but did not play","On matchday squad, but did not play","On matchday squad, but did not play","On matchday squad, but did not play","On matchday squad, but did not play","On matchday squad, but did not play","On matchday squad, but did not play","On matchday squad, but did not play","On matchday squad, but did not play","On matchday squad, but did not play","On matchday squad, but did not play","On matchday squad, but did not play","On matchday squad, but did not play","On matchday squad, but did not play",Chelsea,Tyrique-George,e6f7797e
2025-08-30,Sat,Matchweek 3,Home,W 2–0,Chelsea,Fulham,N,FW,67,0,0,0,0,1,1,0,0,13,0,0,0,0.2,0.2,0.0,2,1,6,6,100.0,1,8,0,2,1,Match Report,6,6,100.0,82,7,4,4,100.0,2,2,100.0,0,0,,0,0.0,0.0,0,0,0,0,1,6,6,0,0,0,0,0,0,0,0,0,0,6,0,0,2,1,0,0,1,0,0,1,0,0,0,1,0,0,13,0,0,5,8,1,13,2,1,50.0,1,50.0,8,24,1,0,0,0,2,2,11,4,0,0,0,0,0,0,0,,0,0,0,0,0,0,0,0,0,0,0,0,1,0,0,0,0,0,0,0,1,0,0,,Chelsea,Tyrique-George,e6f7797e
2025-09-13,Sat,Matchweek 4,Away,D 2–2,Chelsea,Brentford,N,"LW,FW,AM",45,0,0,0,0,1,1,1,0,14,1,0,0,0.0,0.0,0.0,2,1,8,9,88.9,2,8,1,0,0,Match Report,8,9,88.9,162,48,3,3,100.0,3,3,100.0,2,2,100.0,0,0.0,0.1,0,1,2,1,2,9,7,2,0,0,0,1,0,0,0,0,0,8,0,0,2,2,0,0,0,0,0,1,1,0,0,0,0,0,14,0,1,6,7,2,14,0,0,,0,,8,55,41,1,0,1,3,0,8,3,1,1,0,1,0,0,0,,0,0,0,0,0,1,1,0,1,0,0,3,0,1,1,0,1,0,0,0,0,1,0,100.0,Chelsea,Tyrique-George,e6f7797e
2025-08-17,Sun,Matchweek 1,Home,D 0–0,Chelsea,Crystal Palace,N,DM,12,0,0,0,0,2,1,0,0,8,0,0,0,0.3,0.3,0.0,0,0,4,6,66.7,0,6,0,0,0,Match Report,4,6,66.7,33,1,3,3,100.0,0,2,0.0,0,0,,0,0.0,0.0,0,1,0,0,0,6,5,1,1,0,0,0,0,0,0,0,0,4,0,0,0,0,0,0,0,0,0,0,0,0,0,0,0,0,8,0,1,5,2,2,8,0,0,,0,,6,22,12,0,0,0,0,0,6,2,0,0,0,0,0,0,0,,0,0,0,0,0,0,0,0,0,0,0,1,1,0,0,0,0,0,0,0,0,0,0,,Chelsea,Andrey-Santos,dd745366
2025-08-22,Fri,Matchweek 2,Away,W 5–1,Chelsea,West Ham,N,AM,29,0,0,0,0,0,0,0,0,13,0,1,0,0.0,0.0,0.0,1,0,10,11,90.9,2,9,1,0,0,Match Report,10,11,90.9,150,47,6,6,100.0,4,4,100.0,0,1,0.0,0,0.0,0.0,1,1,0,0,2,11,11,0,0,0,0,1,0,0,0,0,0,10,0,0,1,1,0,0,0,0,0,0,0,0,0,0,0,0,13,0,1,9,3,1,13,0,0,,0,,9,34,16,1,0,0,0,0,9,3,0,0,0,0,0,0,0,,0,0,0,0,1,1,0,0,0,0,0,0,0,0,1,1,0,0,0,0,2,0,0,,Chelsea,Andrey-Santos,dd745366
2025-08-30,Sat,Matchweek 3,Home,W 2–0,Chelsea,Fulham,N,AM,10,0,0,0,0,0,0,1,0,9,1,0,0,0.0,0.0,0.0,1,0,6,8,75.0,1,7,1,0,0,Match Report,6,8,75.0,95,26,3,3,100.0,3,3,100.0,0,0,,0,0.0,0.0,1,0,0,0,1,8,6,0,0,0,0,0,0,0,0,0,0,6,2,0,1,1,0,0,0,0,0,0,0,0,0,0,0,0,9,0,2,5,2,1,9,0,0,,0,,7,53,35,1,0,0,1,0,7,0,1,1,1,0,0,1,1,100.0,0,0,0,0,0,1,0,0,1,0,0,1,0,0,0,0,1,0,0,0,1,0,0,,Chelsea,Andrey-Santos,dd745366
2025-09-13,Sat,Matchweek 4,Away,D 2–2,Chelsea,Brentford,N,"On matchday squad, but did not play","On matchday squad, but did not play","On matchday squad, but did not play","On matchday squad, but did not play","On matchday squad, but did not play","On matchday squad, but did not play","On matchday squad, but did not play","On matchday squad, but did not play","On matchday squad, but did not play","On matchday squad, but did not play","On matchday squad, but did not play","On matchday squad, but did not play","On matchday squad, but did not play","On matchday squad, but did not play","On matchday squad, but did not play","On matchday squad, but did not play","On matchday squad, but did not play","On matchday squad, but did not play","On matchday squad, but did not play","On matchday squad, but did not play","On matchday squad, but did not play","On matchday squad, but did not play","On matchday squad, but did not play","On matchday squad, but did not play","On matchday squad, but did not play","On matchday squad, but did not play","On matchday squad, but did not play",Match Report,"On matchday squad, but did not play","On matchday squad, but did not play","On matchday squad, but did not play","On matchday squad, but did not play","On matchday squad, but did not play","On matchday squad, but did not play","On matchday squad, but did not play","On matchday squad, but did not play","On matchday squad, but did not play","On matchday squad, but did not play","On matchday squad, but did not play","On matchday squad, but did not play","On matchday squad, but did not play","On matchday squad, but did not play","On matchday squad, but did not play","On matchday squad, but did not play","On matchday squad, but did not play","On matchday squad, but did not play","On matchday squad, but did not play","On matchday squad, but did not play","On matchday squad, but did not play","On matchday squad, but did not play","On matchday squad, but did not play","On matchday squad, but did not play","On matchday squad, but did not play","On matchday squad, but did not play","On matchday squad, but did not play","On matchday squad, but did not play","On matchday squad, but did not play","On matchday squad, but did not play","On matchday squad, but did not play","On matchday squad, but did not play","On matchday squad, but did not play","On matchday squad, but did not play","On matchday squad, but did not play","On matchday squad, but did not play","On matchday squad, but did not play","On matchday squad, but did not play","On matchday squad, but did not play","On matchday squad, but did not play","On matchday squad, but did not play","On matchday squad, but did not play","On matchday squad, but did not play","On matchday squad, but did not play","On matchday squad, but did not play","On matchday squad, but did not play","On matchday squad, but did not play","On matchday squad, but did not play","On matchday squad, but did not play","On matchday squad, but did not play","On matchday squad, but did not play","On matchday squad, but did not play","On matchday squad, but did not play","On matchday squad, but did not play","On matchday squad, but did not play","On matchday squad, but did not play","On matchday squad, but did not play","On matchday squad, but did not play","On matchday squad, but did not play","On matchday squad, but did not play","On matchday squad, but did not play","On matchday squad, but did not play","On matchday squad, but did not play","On matchday squad, but did not play","On matchday squad, but did not play","On matchday squad, but did not play","On matchday squad, but did not play","On matchday squad, but did not play","On matchday squad, but did not play","On matchday squad, but did not play","On matchday squad, but did not play","On matchday squad, but did not play","On matchday squad, but did not play","On matchday squad, but did not play","On matchday squad, but did not play","On matchday squad, but did not play","On matchday squad, but did not play","On matchday squad, but did not play","On matchday squad, but did not play","On matchday squad, but did not play","On matchday squad, but did not play","On matchday squad, but did not play","On matchday squad, but did not play","On matchday squad, but did not play","On matchday squad, but did not play","On matchday squad, but did not play","On matchday squad, but did not play","On matchday squad, but did not play","On matchday squad, but did not play","On matchday squad, but did not play","On matchday squad, but did not play","On matchday squad, but did not play","On matchday squad, but did not play","On matchday squad, but did not play","On matchday squad, but did not play","On matchday squad, but did not play","On matchday squad, but did not play","On matchday squad, but did not play","On matchday squad, but did not play","On matchday squad, but did not play","On matchday squad, but did not play","On matchday squad, but did not play","On matchday squad, but did not play","On matchday squad, but did not play","On matchday squad, but did not play",Chelsea,Andrey-Santos,dd745366
2025-09-13,Sat,Matchweek 4,Away,D 2–2,Chelsea,Brentford,N,LW,12,0,0,0,0,0,0,0,0,6,0,0,0,0.0,0.0,0.1,1,0,2,5,40.0,0,5,3,0,0,Match Report,2,5,40.0,15,3,2,2,100.0,0,2,0.0,0,1,0.0,0,0.1,0.0,1,0,0,0,0,5,5,0,0,0,0,1,0,0,0,0,0,2,0,0,1,1,0,0,0,0,0,0,0,0,0,0,0,0,6,0,0,2,5,3,6,0,0,,0,,5,67,56,3,1,3,1,0,4,2,0,0,0,0,0,0,0,,0,0,0,0,0,0,0,0,0,0,0,0,0,0,1,0,0,0,0,0,1,1,0,100.0,Chelsea,Alejandro-Garnacho,7aa8adfe
